kmer,mean_dev
CGCAC,7.582148186143557
CGCGC,5.781848011480539
CGCGT,5.362089272991697
GCGCG,2.0931615913979473
CGTGC,0.8013327193462625
CGTGT,0.3924105462288471
GTGCG,-5.721702143489802
GCGTG,-7.169167012160755
GCGCA,-9.122121171938286
