kmer,mean_dev
GCGCG,10.626163615733688
CGCGC,9.509542187863362
CGCAC,7.179486827511809
CGCGT,5.9458914022016085
GTGCG,1.8078965431771972
GCGCA,-0.7512305050785204
CGTGT,-2.535356620669549
CGTGC,-4.929981729252114
GCGTG,-5.2458852075721
GCACG,-7.194722793616597
ACGCA,-14.41180372029876
