kmer,mean_dev
CGCGC,21.27462536457369
GCGCG,17.430048667596957
CGCGT,7.708278385594704
CGTGC,2.0610110478992554
GCGTG,-1.764156250507137
CGTGT,-3.214195804203568
CGCAC,-4.02574907794054
ACGCG,-4.955608679398841
GTGCG,-8.795470033937494
GCGCA,-12.547900212238279
CGTAT,-13.170883407438636
